[
	{
		"inputs": [
			{
				"internalType": "address",
				"name": "_nftContract",
				"type": "address"
			},
			{
				"internalType": "uint256",
				"name": "_nftID",
				"type": "uint256"
			},
			{
				"internalType": "uint256",
				"name": "_nftAmount",
				"type": "uint256"
			},
			{
				"internalType": "address",
				"name": "_tokenRecieve",
				"type": "address"
			},
			{
				"internalType": "uint256",
				"name": "_weiRecieve",
				"type": "uint256"
			}
		],
		"name": "createEscrow",
		"outputs": [],
		"stateMutability": "nonpayable",
		"type": "function"
	},
	{
		"inputs": [
			{
				"internalType": "uint256",
				"name": "uuid",
				"type": "uint256"
			}
		],
		"name": "executeEscrow",
		"outputs": [],
		"stateMutability": "nonpayable",
		"type": "function"
	},
	{
		"inputs": [
			{
				"internalType": "uint256",
				"name": "uuid",
				"type": "uint256"
			}
		],
		"name": "getEscrow",
		"outputs": [
			{
				"components": [
					{
						"internalType": "address",
						"name": "nftOwner",
						"type": "address"
					},
					{
						"internalType": "address",
						"name": "nftContract",
						"type": "address"
					},
					{
						"internalType": "uint256",
						"name": "nftID",
						"type": "uint256"
					},
					{
						"internalType": "uint256",
						"name": "nftAmount",
						"type": "uint256"
					},
					{
						"internalType": "address",
						"name": "tokenRecieve",
						"type": "address"
					},
					{
						"internalType": "uint256",
						"name": "weiRecieve",
						"type": "uint256"
					},
					{
						"internalType": "uint256",
						"name": "uuid",
						"type": "uint256"
					}
				],
				"internalType": "struct EscrowERC1155.Escrow",
				"name": "",
				"type": "tuple"
			}
		],
		"stateMutability": "view",
		"type": "function"
	},
	{
		"inputs": [],
		"name": "getMyEscrowUUIDs",
		"outputs": [
			{
				"internalType": "uint256[]",
				"name": "",
				"type": "uint256[]"
			}
		],
		"stateMutability": "view",
		"type": "function"
	},
	{
		"inputs": [
			{
				"internalType": "address",
				"name": "operator",
				"type": "address"
			},
			{
				"internalType": "address",
				"name": "from",
				"type": "address"
			},
			{
				"internalType": "uint256[]",
				"name": "ids",
				"type": "uint256[]"
			},
			{
				"internalType": "uint256[]",
				"name": "values",
				"type": "uint256[]"
			},
			{
				"internalType": "bytes",
				"name": "data",
				"type": "bytes"
			}
		],
		"name": "onERC1155BatchReceived",
		"outputs": [
			{
				"internalType": "bytes4",
				"name": "",
				"type": "bytes4"
			}
		],
		"stateMutability": "pure",
		"type": "function"
	},
	{
		"inputs": [
			{
				"internalType": "address",
				"name": "operator",
				"type": "address"
			},
			{
				"internalType": "address",
				"name": "from",
				"type": "address"
			},
			{
				"internalType": "uint256",
				"name": "id",
				"type": "uint256"
			},
			{
				"internalType": "uint256",
				"name": "value",
				"type": "uint256"
			},
			{
				"internalType": "bytes",
				"name": "data",
				"type": "bytes"
			}
		],
		"name": "onERC1155Received",
		"outputs": [
			{
				"internalType": "bytes4",
				"name": "",
				"type": "bytes4"
			}
		],
		"stateMutability": "pure",
		"type": "function"
	},
	{
		"inputs": [
			{
				"internalType": "uint256",
				"name": "uuid",
				"type": "uint256"
			}
		],
		"name": "removeEscrow",
		"outputs": [],
		"stateMutability": "nonpayable",
		"type": "function"
	}
]